0.7631578947368421,116,36
books,himself,among,them,a,history,of,dancing,a,history,of,Costume,a,key,to,Shakespeare,sonnets,a,study,of,the,poetry,of,Ernest,Dowson,etc
a,lot,of,a,regard,for,the,Honor,of,the,first,pros,light,has,countants,the,belief,the,hope,the,wish,that,the,Knights,or,at,least,the,nazarines,were,distinguished,only,by,their,opposite,perseverance,in,the,practice,of,the,Mosaic,rights
illustration,long,pepper
two,stray,kittens,gradually,make,themselves,at,home
do,you,hear
apostle,of,the,middle,classes,and,we,are,glad,to,welcome,his,gospel
he,was,young,no,Spear,had,touched,him,no,poison,lurked,in,his,wine
every,elevation,of,the,type,man,has,Heather,tubing,the,work,of,an,aristocratic,Society,and,so,it,will,always,be,a,society,believing,in,a,long-scale,of,gradations,of,rank,and,differences,of,worth,among,human,beings,and,requiring,slavery,in,some,form,or,other
asparagus,salad,click,the,asparagus,insulted,water,drain,and,chill
next,life,poor
