0.8486842105263158,129,23
he,had,written,a,number,of,books,himself,among,them,a,history,of,dancing,a,history,of,Costume,a,key,to,Shakespeare,sonnets,a,study,of,the,poetry,of,Ernest,Dawson,etc
a,laudable,regard,for,the,Honor,of,the,first,prosolite,has,countanced,the,belief,the,hope,the,wish,that,the,ebianites,or,at,least,the,nazarines,were,distinguished,only,by,their,obstinate,perseverance,in,the,practice,of,the,Mosaic,rights
illustration,long,pepper
the,two,stray,kittens,gradually,make,themselves,at,home
go,do,you,hear
Mr,quilter,is,the,apostle,of,the,middle,classes,and,we,are,glad,to,welcome,his,gospel
he,was,young,no,Spear,had,touched,him,no,poison,lurked,in,his,wine
every,elevation,of,the,type,man,has,either,two,been,the,work,of,an,aristocratic,Society,and,so,it,will,always,be,as,society,believing,in,a,long-scale,of,gradations,of,rank,and,differences,of,worth,among,human,beings,and,requiring,slavery,in,some,form,or,other
asparagus,salad,cook,the,asparagus,insulted,water,drain,and,chill
are,idolization,makes,life,poor
